polygon_id,area_ha,road_distance_m,village_distance_m,waterway_distance_m,protected_area,vulnerability_score,disturbance_score,risk_score,risk_class
0,0.3926474901457353,8472.268694468336,5592.975771395788,138.7003313134156,True,0.4192296152779271,0.00736555477863934,0.3132975850282832,Low
1,0.274853999167187,8355.884549838609,5694.516806630882,179.53392761776794,True,0.42045516115380904,0.004317546863782045,0.31238635400879555,Low
2,0.1374303916418265,7940.151346063698,7592.514577392178,2249.409452028964,True,0.3285719131048403,0.0007615927958121735,0.26466675295032627,Low
3,0.1276145499739013,7716.154635960695,7818.648073287305,2467.614574898745,True,0.32655124599572494,0.0005075994482487615,0.2635294227219869,Low
4,2.8271565580055658,7693.407987159134,7821.020561091329,2390.676812667293,True,0.3294156395111689,0.07036057127730111,0.29988810539423505,Low
5,4.30946833597964,7428.244631643682,8120.36142408153,2689.1943119781204,True,0.3250259868420693,0.1087166637406272,0.31687132529134826,Low
6,0.225788386297587,6076.873706874967,9384.998888086904,2829.7685616824065,True,0.3445861648713642,0.003047931920447866,0.27381704839590604,Low
7,2.140146565948395,4441.573981512887,10435.918323298383,4228.658063898236,True,0.35391726744507945,0.05258359670951578,0.3032504320772976,Low
8,0.3730543701990609,4350.560673701283,10212.893113448969,4179.08352178988,True,0.3666184873738826,0.006858565944382888,0.28673852665913274,Low
9,0.5497685778053778,3964.056402945636,10192.609836359174,3789.2588961576826,True,0.39498174159835553,0.011431198090499348,0.30320646984442745,Low
10,6.77391795204095,4006.344168904661,10420.660279688957,3760.448388590167,True,0.3863209628934666,0.17248641768135947,0.37940369028741305,Low
11,0.9621019656159472,3628.218711196216,10137.379905237822,3449.189526240531,True,0.4208737671132799,0.02210067922367517,0.32148722316847755,Low
12,0.1668959591950637,3696.7473636839272,9528.771377451383,3726.667469404897,True,0.43055557738206435,0.0015240397049914342,0.31603980854352787,Low
13,3.1808440725620537,3390.420369236632,10056.86283213924,3225.956409042371,True,0.4401181622694759,0.07951253998795511,0.35981535112871554,Low
14,0.1374494489032719,2079.422995875921,10938.421311336337,1137.495024864363,True,0.5242323883963672,0.0007620859188467195,0.36249723715760696,Low
15,0.147260986701632,4149.824931168081,8405.358549382117,2841.955286629581,True,0.46690572094175226,0.001015967900082587,0.33396084442091745,Low
16,1.5118885477857862,3466.110789273571,9479.748087528806,3510.855091978231,True,0.4482648814736926,0.036326880009601326,0.34229588074164696,Low
17,0.3043655873784676,1535.116364352694,9464.672037737211,3077.9097804807693,True,0.5504286452132426,0.005081184597078988,0.3777549149051608,Low
18,0.7559649607752438,2154.732161125137,9365.188414306454,2307.5733754208945,True,0.5430794994089767,0.01676670688717431,0.37992310314807554,Low
19,0.5596001748005784,2539.7303872018297,6089.739356579338,425.5089435426887,True,0.6763316465210157,0.011685599120710058,0.44400862282086295,Moderate
20,7.36318792680945,2377.8365038947536,5894.492617612965,515.9968776642743,True,0.6880836832135298,0.187734285217684,0.5379089842156068,High
21,1.8064780175862445,2807.151879286572,6801.042603877331,2859.254192449569,True,0.58167985129919,0.04394963597112497,0.41281474363515747,Low
22,0.1669067096076607,728.730475042773,10281.904632527134,371.5367246772482,True,0.6277895659748334,0.0015243178811657836,0.4146569419279996,Low
23,0.1079990124797063,569.8919564432232,10300.733930420976,418.5336342415965,True,0.6335406152210792,3.054066477145417e-08,0.416770322880872,Low
24,0.2061908033627117,31.79706961193619,8162.185382184828,4479.484452719007,True,0.6294502784491836,0.002540827602532283,0.4159955530258579,Low
25,0.1079988785169543,1009.7687800924558,7831.034805383517,2924.056476049125,True,0.6317132383906758,2.7074263317813958e-08,0.41585663273246953,Low
26,10.456338754235022,668.6824765840322,7732.7235841105,2944.8711148565408,True,0.6504866209401102,0.2677722238636953,0.5591294224019028,High
27,0.4614460764180056,659.9621804472595,4212.237274814376,531.0963981790783,True,0.8231426219786786,0.009145777384717472,0.516144199681698,Moderate
28,0.1472696841694449,1344.3104314444925,3881.8191688689462,8.985024852562551,False,0.8141700063881308,0.0010161929545445326,0.40759309967133767,Low
29,0.107997832203401,1265.2231892321147,3887.13346624101,7.169842042638661,False,0.8177765263688744,0.0,0.4088882631844372,Low
30,2.120686358271497,871.045129550129,4085.1379449945753,298.3394873855411,False,0.8229285014621799,0.05208004709458202,0.43750427427838096,Moderate
31,0.1178163460736137,566.7779882792246,4112.357443849245,486.3808039892024,True,0.8318522947568232,0.00025406249309645207,0.5160531786249598,Moderate
32,0.1178161968478635,1134.9308443604489,3797.562499197749,61.64027684357836,False,0.8254984674937487,0.00025405863175178916,0.4128762630627502,Low
33,1.0112548446393097,1210.3273923911345,3799.327652384601,69.18208182482185,False,0.8216986531152053,0.02337255225381158,0.42253560268450846,Low
34,0.5203569716568054,471.77721320653495,4015.995383030413,477.9043009425306,True,0.8396547507826002,0.01067014747908789,0.5251624491308441,High
35,0.8443540305492281,872.5166733600524,3685.000930957726,86.24123302738333,False,0.8409256245861854,0.019053850107227453,0.4299897373467064,Moderate
36,0.3141806005235683,432.4723379617128,3622.766787968873,513.4582545241118,False,0.8533443457732709,0.0053351565059015504,0.4293397511395862,Moderate
37,0.2650900689753679,566.2868182298594,3504.12718476942,460.7452241978632,False,0.8521361917902297,0.004064896770321461,0.4281005442802756,Moderate
38,0.1767273121444086,224.1617284419517,3594.8842890043347,751.0199452157112,False,0.8583150485124337,0.001778434420305679,0.4300467414663697,Moderate
39,1.7280271658922235,450.0985902145479,6507.0158494688885,4147.433080840374,True,0.6712005221323414,0.04191965269357512,0.4565600874129583,Moderate
40,0.1374545974819731,279.5661827869124,3552.9510069288417,721.0635492839967,False,0.8577800482760218,0.0007622191427498502,0.42927113370938585,Moderate
41,0.107999818363613,1108.7277313271854,3146.169879004663,631.1629857354644,False,0.8339474381065564,5.139360414599267e-08,0.41697374475008026,Low
42,11.899559660817037,985.324081601103,3404.435449167645,368.8529018190929,False,0.8378003640243681,0.3051168064005233,0.5714585852124456,High
43,0.1669100506809522,450.9689859014944,3882.646501088888,1371.9381572695663,False,0.8232475253729092,0.0015244043343114705,0.41238596485361034,Low
44,0.3829085034571703,1179.5222726269124,3106.4852881370048,682.9188149421071,False,0.8306303106156081,0.007113550119783939,0.41887193036769604,Low
45,0.1178184939454092,788.972500516791,3162.1175842175808,679.5840265311317,False,0.8473545627085841,0.00025411807112693925,0.42380434038985554,Low
46,0.2945469650701577,297.6876032293474,3436.650884590209,916.3625420884572,False,0.8559403046249552,0.004827119298053483,0.4303837119615043,Moderate
47,0.2749112624399519,506.04012136328754,3836.9367569010897,1431.1626133130949,False,0.8206860716620591,0.004319028600227481,0.4125025501311433,Low
48,0.1080002105391415,1112.7750029968988,3008.073858783146,761.864912974466,False,0.8350435044970059,6.154148332794096e-08,0.41752178301924464,Low
49,0.2847283728747791,622.286831774842,3230.0699733735755,730.5642363994508,False,0.8517933566102585,0.004573054778225981,0.42818320569424223,Moderate
50,0.1276370893038501,885.2783137212729,3018.395378582479,811.5423423353823,False,0.8442458639214818,0.0005081826728013987,0.4223770232971416,Low
51,0.2061828508712318,1000.073045348879,2966.978795898493,822.3090622103069,False,0.8402247667501248,0.0025406218249738443,0.4213826942875493,Low
52,5.665115728433576,441.6284592720317,3336.5817305125056,804.8789459642315,False,0.855080602675635,0.14379520626134884,0.4994379044684919,Moderate
53,0.1374555563780852,829.8680765137113,3004.558334100298,877.8814501320776,False,0.8456989678521443,0.0007622439550116732,0.42323060590357797,Low
54,0.3338219117847456,505.2491150951004,3250.469327076738,1138.7726889532514,False,0.8467546944956539,0.0058433923318789525,0.4262990434137664,Moderate
55,0.4418237801685414,584.7137999803674,3170.6483358324813,1177.1342344071318,False,0.844649175360616,0.008638033588526446,0.4266436044745712,Moderate
56,0.1374558600267273,1113.68670055892,2770.8726178821357,1025.6570874820843,False,0.8362578748117906,0.0007622518121815112,0.41851006331198604,Low
57,2.0520172156119774,929.4880119529272,2915.136029332959,932.6638351904325,False,0.8425533584488668,0.050303173953342,0.44642826620110443,Moderate
58,0.2160026697750469,787.4331774701907,2951.086334586716,1093.258582161871,False,0.844202524410388,0.002794718086937457,0.4234986212486627,Low
59,0.1963664163978754,723.28477385996,3013.460752749432,1182.3444437094458,False,0.8430554817982581,0.002286613138059919,0.422671047468159,Low
60,2.3465633250782254,1283.6832923833545,2731.804458417356,1038.0373436596535,False,0.8291925898329686,0.05792480792891578,0.4435586988809422,Moderate
61,0.3240047803910217,1144.8277009349315,2636.3281688076986,1218.0882045848643,False,0.8344620879683924,0.00558936561155097,0.4200257267899717,Low
62,1.6691129337892563,1313.035540367262,2557.2103380063345,1225.4396674025452,False,0.8288964190611718,0.040395196254973724,0.43464580765807276,Moderate
63,0.1767306352412398,1217.693223808868,2534.5058509272344,1349.4652244690983,False,0.8311213467207831,0.0017785204082949914,0.416449933564539,Low
64,0.5007354504378332,1488.6684734606054,2373.7229404585337,1401.7093168909148,False,0.822250987695562,0.010162423737477591,0.4162067057165198,Low
65,16.887479701891003,809.3643730060238,2933.5769049907462,1083.9794965784067,False,0.8439575747576351,0.43418352848822733,0.6390705516229312,High
66,0.1080022378898246,1040.82726874462,2709.518954508323,1442.9167721709914,False,0.8315533676744014,1.1400092634957265e-07,0.41577674083766386,Low
67,0.1178207824130977,1100.1909654273393,2654.8208319843,1497.7073441285456,False,0.8291870567456913,0.0002541772871971097,0.4147206170164442,Low
68,0.3829199424511644,226.5228565237205,3829.198809722429,2385.707214248758,True,0.8109695112192838,0.00711384611359431,0.5090416786664391,Moderate
69,13.441316202844195,678.3425467041249,3272.555443156887,1448.5975305150018,True,0.8303506356216743,0.3450110832730679,0.6876808594473711,High
70,0.1570947976122535,809.0307516556593,2848.063117631128,1658.1726656443018,False,0.8328006276652674,0.001270426217259407,0.4170355269412634,Low
71,0.1865502507728011,721.0266464118757,2887.086109835411,1722.887077740391,False,0.8341253074220808,0.0020326114078265795,0.4180789594149537,Low
72,0.4614679293156221,158.28489667171004,3760.968815410453,2366.042283773313,True,0.8168715503991473,0.009146342847242984,0.5130089466231952,Moderate
73,0.1080056376532734,1681.8042313169751,8182.61331358712,3508.721782282373,True,0.5744437436982713,2.0197273034718073e-07,0.38722197283550086,Low
74,2.277872707041186,961.6519800588886,2726.8025203672973,1593.3737214659525,False,0.8310824358728337,0.05614737909380753,0.4436149074833206,Moderate
75,0.3534622504075813,1594.8670218586124,2190.7899955701264,1606.967751813194,False,0.8181624975293258,0.0063516029900025205,0.41225705025966414,Low
76,0.1276400694188268,430.6030002678308,3047.188582257261,1949.991989180008,False,0.8371570006232026,0.0005082597858401646,0.4188326302045214,Low
77,0.1570951780874795,1129.7001312773484,2431.3769727028766,1709.0322425864726,False,0.8298802215613764,0.001270436062383196,0.4155753288118798,Low
78,0.8640211154134558,1509.9022132618893,2227.5536348126843,1651.7211109790887,False,0.8199010179313647,0.01956275284735639,0.41973188538936057,Low
79,1.5022624731990746,1333.9440816136166,7554.334016557725,3936.278762962408,True,0.6007783276541171,0.03607779704851779,0.41842806235131746,Low
80,0.1963690874635625,1620.9590304203034,2024.963255631396,1829.0187498474968,False,0.8168963655464708,0.0022866822541824463,0.40959152390032666,Low
81,0.7462238253571828,1749.4031342755077,7968.323059743042,3751.189383852883,True,0.5722872390529877,0.01651464662809468,0.39440094284054117,Low
82,0.117821682354842,1271.9896223593114,2215.450444654101,1832.1488539467207,False,0.8271463303567654,0.0002542005739639486,0.4137002654653647,Low
83,0.176733089026561,770.8656566839085,2528.6092712405925,1974.7529408078724,False,0.8372347760427815,0.0017785839021011286,0.41950667997244134,Low
84,0.4712865283782383,1431.1075467764815,2104.950733493828,1844.3531229774328,False,0.8229053372176826,0.009400407544766166,0.41615287238122434,Low
85,0.1570961079595251,834.2068119592636,2467.265031290957,1974.2893688156728,False,0.8362360985571697,0.0012704601236223298,0.418753279340396,Low
86,0.1472775902914622,1368.7068335019594,2024.5281142500617,1993.5076434023144,False,0.8248287584911579,0.001016397532253236,0.41292257801170557,Low
87,0.4221977396873358,175.94367237871475,2952.1272681016526,2310.9065507676887,False,0.8434917421332766,0.00813019290711801,0.4258109675201973,Moderate
88,0.1276409150229871,763.8387270306121,2458.6129505374006,2087.8221334703107,False,0.8370827814268786,0.0005082816665752717,0.41879553154672694,Low
89,1.8949734530135691,1172.5294646588873,2152.85712205425,2009.485805370583,False,0.8295599232445934,0.0462395314939629,0.4378997273692781,Moderate
90,0.1276410915330582,905.0986219215664,2302.713849220402,2134.4737307783985,False,0.8343148831681849,0.0005082862339252098,0.41741158470105505,Low
91,0.265100510843428,1350.5650457219458,1945.6397822894223,2126.3962384059364,False,0.8250077004279257,0.004065166962640482,0.4145364336952831,Low
92,0.1276413488453334,1173.334634173794,2028.0814742919915,2224.5800697517675,False,0.828331049486597,0.0005082928921016922,0.41441967118934936,Low
93,0.4418356445131081,1259.9721636691245,1944.4681018205868,2252.2164826271032,False,0.8262695810423011,0.008638340588648808,0.4174539608154749,Low
94,33.36340613532455,45.90497712944524,3316.755912734524,2432.396754343284,True,0.8349101035562746,0.860512298919672,0.9477112012379733,High
95,0.1178238206916056,427.832045795958,2970.3627701699725,2764.521224058414,False,0.8200024469264473,0.0002542559052672824,0.4101283514158573,Low
96,0.1570985538954374,433.4702236038417,3032.322287356405,2825.287754128371,False,0.8162610830354122,0.0012705234143182583,0.4087658032248652,Low
97,0.4123817002168902,963.3971566744432,2157.601818089323,2419.573459888763,False,0.8293293135775386,0.007876194441244216,0.4186027540093914,Low
98,0.1374613727721137,375.14756874464655,3094.9915011495405,2891.586494265474,False,0.8153824309915021,0.0007623944592109078,0.4080724127253565,Low
99,0.1570978789643628,1176.4497538991095,1951.4672149595297,2447.3982951095377,False,0.825250636594572,0.0012705059498960714,0.41326057127223403,Low
100,0.1080049843525723,817.4579451707907,2304.191019878016,2532.4593388982585,False,0.8287472927923705,1.8506801268265653e-07,0.4143737389301916,Low
101,2.3957380976561304,1060.2417720332617,2076.9930907964226,2363.0407446942127,False,0.8287314166637672,0.05919724747361064,0.4439643320686889,Moderate
102,1.0800532748660254,496.8138849105873,2934.8664546479968,2820.367283196232,False,0.8165364171757574,0.025152770822076745,0.4208445939989171,Low
103,0.9524081010247284,741.8837571971125,2390.9818474386543,2567.5160566951404,False,0.8286624616567142,0.021849842137906392,0.4252561518973103,Low
104,1.0996945717668805,115.53106230164656,3507.135539635284,3208.663501224128,False,0.8066383055471008,0.025661006276468452,0.41614965591178465,Low
105,0.3731105392784788,283.99226665034223,3259.078713061333,3082.091803597437,False,0.8097652722501709,0.006860019367634156,0.40831264580890253,Low
106,0.1178238230139151,1074.059124179378,2044.863677501795,2590.6471462838645,False,0.8235931782001673,0.00025425596535903853,0.41192371708276315,Low
107,0.6087607398116996,256.3240685591839,3386.9399424134253,3233.4532505380453,False,0.8032701670331115,0.012957671032391852,0.4081139190327517,Low
108,1.6888157409461753,349.2533257992516,3163.140200991016,3032.850355846184,False,0.8109766103452765,0.040905023340157345,0.4259408168427169,Moderate
109,0.3141980197111254,759.0344422043933,2492.3633219207704,2797.445387950428,False,0.8189996554424418,0.005335607242365029,0.4121676313424034,Low
110,0.3141994790197777,252.23166414134369,3445.4870067974307,3310.0986370850974,True,0.799713081282817,0.005335645003231826,0.5025243631430244,Moderate
111,0.2160194429341528,3478.2061665307424,7427.549418434933,4528.8236414787525,True,0.4892527081317195,0.002795152106858993,0.3460239301192892,Low
112,0.4811163887988215,930.4672079984504,2293.5544866149426,2829.7213567006047,False,0.8165414859795528,0.009654763639614705,0.41309812480958374,Low
113,0.1570994396308228,865.1547700192812,2448.559417335207,2906.5839186040166,False,0.8127551561573703,0.0012705463334833388,0.4070128512454268,Low
114,0.3829297022841457,869.0255724047443,2164.066238499207,2852.0882544720284,False,0.8230805805706172,0.0071140986576689255,0.415097339614143,Low
115,3.1223544113604604,679.7562397472717,2835.857111756242,3038.327539385353,True,0.8058065435700265,0.07799906968667808,0.5419028066283522,High
116,9.190261427963724,1174.7518603333915,1687.4924868801252,2631.984549790221,False,0.8293747500904842,0.23501138386109235,0.5321930669757883,High
117,0.2552868667303707,819.1004018797545,1810.2589710474276,2914.0316210826613,False,0.8353583818665261,0.0038112304786997973,0.41958480617261296,Low
118,0.4025685832554002,725.7244302867514,2132.8327831561564,2994.8512063391518,False,0.8273905470064487,0.007622271597803835,0.41750640930212624,Low
119,0.2847420763635815,963.5068780791069,1513.6683480808476,2924.107886242812,False,0.8378721481285474,0.004573409367787628,0.4212227787481675,Low
120,0.2945623977970195,808.397094951388,1598.602430544403,3023.782203767878,False,0.8400344402006842,0.0048275186331375505,0.4224309794169109,Low
121,0.1374628630165173,602.8769070711944,2168.71828543284,3135.8203722050366,False,0.8286111910866678,0.0007624330205668836,0.41468681205361735,Low
122,0.2945631112458066,604.0053301242355,2069.8392073544146,3106.772417866516,False,0.8324554316696946,0.004827537094238685,0.41864148438196663,Low
123,0.1374626159471765,734.5659529108522,1659.2002625251434,3063.8006828112507,False,0.840592629256285,0.0007624266274351402,0.42067752794186003,Low
124,0.1374665399020325,2669.700756933065,7526.87729953623,4831.588643687606,True,0.5168716200176305,0.0007625281631427529,0.35881707409038666,Low
125,0.2061943905262076,554.888617958603,1961.5872817125612,3148.666010192656,False,0.8372530821627466,0.002540920423473717,0.4198970012931102,Low
126,0.2061964585366883,57.45502315915055,4224.567665266102,4237.696496788926,True,0.7612445494667079,0.0025409739350239803,0.4818927617008659,Moderate
127,38.75405593604639,572.0576801752537,2547.977773700619,2462.3270806723863,True,0.8341641914641662,1.0,1.0,High
128,0.5007578126635861,569.0842137389955,1885.8708614788263,3143.5162246573327,False,0.8391525547040039,0.0101630023793068,0.4246577785416553,Low
129,13.579639353801802,2278.047848471912,7855.1557499505825,4698.725984760031,True,0.5279879377638846,0.3485903138012095,0.5382891257825471,High
130,0.1669197443922277,430.2892046402464,2033.2260030103064,3276.4887883800407,False,0.8377210558723185,0.0015246551674300635,0.41962285551987427,Low
131,0.7462299026120404,418.87145816772977,1892.919030256208,3295.0150337156624,False,0.8423408166957982,0.016514803882292282,0.42942781028904525,Moderate
132,0.2356515407579103,611.7880451957983,1535.0150948850592,3315.37411291565,False,0.8442943669701085,0.00330314952721699,0.42379875824866275,Low
133,0.2160142955007211,571.9374335271224,1528.6355489226642,3374.3439676965336,False,0.8449508706977972,0.002795018912590696,0.42387294480519394,Low
134,0.667680915176308,310.6417305472761,1988.8639001878555,3392.5272544449936,False,0.8419866422862587,0.014482281258001104,0.4282344617721299,Moderate
135,0.5007628690192473,413.83662530507854,2409.194020342243,3614.0333396331,True,0.8181674567920574,0.010163133216859431,0.5141652950044584,Moderate
136,0.1571019242860563,167.96741982110285,2035.8880847204948,3537.884223979761,False,0.843677272377501,0.0012706106260750134,0.422473941501788,Low
137,0.5596761174120359,281.4351566421902,2263.740833478309,3589.150032140147,True,0.8297189654176211,0.011687564201113691,0.5207032648093675,High
138,1.4924714580649874,77.21345318627463,2015.120538667826,3626.443302633624,True,0.8464836781776078,0.035824446108875294,0.5411540621432416,High
139,0.1767400339145718,599.5904819584384,1440.9876635192124,3410.7415765283954,False,0.845591983201492,0.0017787636070529798,0.4236853734042725,Low
140,0.2258345936597245,507.0148503558544,1533.0949644708846,3493.3147694838517,False,0.8449851383110023,0.003049127575694602,0.4240171329433485,Low
141,0.2945675696942328,420.53554268564267,1636.9069246567824,3616.54913005644,False,0.8427258246153857,0.004827652460427243,0.4237767385379065,Low
142,0.8542477170434413,613.3241279971274,1492.4610415251614,3523.4085777501864,False,0.8405475204113128,0.019309857756639678,0.4299286890839762,Moderate
143,0.1276464302667203,788.616458130174,1377.7066219491533,3448.605274379481,False,0.8377916257445783,0.0005084243782515406,0.4191500250614149,Low
144,1.0408106647313782,463.21660816360486,1714.1269315222912,3747.5535335245486,True,0.8350383266870905,0.02413733452507586,0.5295878306060832,High
145,0.942623519888614,676.4772893602616,1603.8545714932293,3681.674555825284,True,0.8301284961092803,0.021596657683496504,0.5258625768963884,High
146,1.806694235594395,878.1154717363719,1408.1153590727567,3508.668814618109,False,0.8311265939414232,0.04395523079809463,0.4375409123697589,Moderate
147,0.117828227958754,785.8026487903078,1606.2059060821218,3706.617338635392,True,0.8242855605901794,0.0002543699470962461,0.5122699652686379,Moderate
148,0.127647360628458,825.5376872731814,1604.240594574963,3711.6311121834246,True,0.8223512812792753,0.0005084484521618785,0.5114298648657186,Moderate
149,9.445933819010133,355.13714685606953,3113.6774994840903,4458.32272156275,True,0.7777043431892181,0.24162712693013733,0.6096657350596777,High
150,0.1767428442469068,1057.811415709383,1491.1340687689783,3617.8493652963866,False,0.8173123785431806,0.0017788363268198305,0.40954560743500024,Low
151,0.137466988719878,1157.635829076672,1519.8163058508767,3650.0164027961,False,0.8108925405100819,0.0007625397766906158,0.40582754014338623,Low
152,0.1472866347080808,1115.1306904203077,1728.489803789456,3858.719124482195,False,0.8010971923866907,0.0010166315643140038,0.40105691197550236,Low
153,0.1178294309868555,1221.8068534501708,1708.723619093982,3837.371824213779,False,0.7972167784614408,0.00025440107648331753,0.39873558976896206,Low
154,0.1865635279448051,1257.049595722518,1749.3982074380865,3876.564958864448,False,0.7932884173120627,0.0020329549660743143,0.3976606861390685,Low
155,4.752465651290924,1385.13921082801,1724.1460620378218,3843.160038446669,True,0.7888667093102948,0.12017960037755245,0.5545231548439237,High
156,0.2749454588056857,56.17013261953505,6394.786033526075,7464.240604524418,True,0.6129353211496105,0.00431991346060941,0.40862761730511,Low
157,4.291129398370482,566.1083443530479,5792.710874190489,7114.378183307661,True,0.6167887606238269,0.10824212795330625,0.4625154442885666,Moderate
158,0.3927839878663769,469.2268102178516,5885.647119154993,7831.730263209516,True,0.6009544566410325,0.007369086774587668,0.4041617717078101,Low
159,0.235701920863675,1542.1665668956623,4157.284187382301,259.2218003369091,True,0.7898616664535887,0.0033044531557948212,0.49658305980469175,Moderate
160,0.1080192890272038,728.5939612183221,4566.065577956843,5406.815303605145,True,0.6901601033813647,5.55213774847045e-07,0.4450803292975698,Moderate
161,0.1374735692673299,2439.139683353025,2362.635236526282,5227.636017162059,False,0.6848903673703789,0.0007627100540170695,0.342826538712198,Low
162,0.1571129062115349,2502.2933672672125,2387.186333448172,5236.897065098511,False,0.680891157211664,0.0012708947928443408,0.3410810260022542,Low
163,1.2863655793203363,2625.0900725036618,2406.76612957022,5225.398543879617,False,0.6747402153824958,0.03049127918688705,0.35261574728469147,Low
164,0.2160317348727749,2790.6103032383294,2455.9407449580103,5239.084545813658,False,0.6650053992739621,0.002795470171345391,0.33390043472265374,Low
165,0.3142364904094519,379.5775333859893,4399.590907534033,6617.339996450829,True,0.6826384241568024,0.005336602704779932,0.44398751343079124,Moderate
166,0.1865980973214469,466.371374937001,5498.585107141236,476.6976350182827,True,0.7920692216853257,0.002033849478434382,0.4970515355818801,Moderate
167,0.2455095597946856,905.954674112426,2514.4077448172056,2860.167332441308,True,0.8098290700525538,0.0035582342504838897,0.5066936521515188,Moderate
168,0.1473073316442795,345.4641832113404,1439.0981194067035,1679.7152939929576,True,0.8996577368659727,0.0010171671153433766,0.5503374519906581,High
169,0.1276666148230356,423.1363871887028,1429.117803495863,1638.591497679583,True,0.8973106718576411,0.0005089466710106383,0.5489098092643259,High
170,0.2062233049621545,587.8708554443454,3077.597897905226,5293.903536579297,True,0.7476040963758643,0.0025416686093784526,0.47507288249262136,Moderate
171,0.4321285838154477,17.047734319848075,5521.09042970945,850.7846601190752,True,0.8034792717137266,0.008387162042273464,0.505933216878,Moderate
172,0.8740793676238593,200.801499750902,5720.710104983345,1026.2863956399,True,0.7840992448795394,0.019823018776248195,0.5019611318278938,Moderate
173,0.2651463897935922,597.7700146302892,2710.611363553648,4922.433664403088,True,0.7680003721935563,0.00406635411994488,0.4860333631567506,Moderate
174,0.1080277091080767,1044.7791302996088,1456.4529344018235,593.219373931294,True,0.8924452968101815,7.730906110893265e-07,0.5462230349503963,High
175,0.1767738769300718,1191.67011491212,1760.0781928217534,724.3450187773572,True,0.8725244419539131,0.0017796393241936272,0.5371520406390534,High
176,0.1276702319744367,1259.536261139471,1828.4055358598607,793.341154779155,True,0.8654397085065428,0.000509040267914917,0.5329743743872288,High
177,0.1080286489530892,1311.040638056052,1827.151185982,844.0254838448122,True,0.8618185167028036,7.974099093207399e-07,0.5309096570563565,High
178,0.7758429117666856,1187.1132931404768,1867.0987450689008,716.4658613477554,True,0.8694752978559636,0.017281065969749543,0.5433781819128566,High
179,0.7561673153545501,1289.831262447953,2417.688774451742,4738.029749869225,True,0.7492578829614186,0.01677194298599615,0.48301491297370736,Moderate
180,0.1374912580149715,1455.281888172301,1926.727171700816,1051.8394791862654,True,0.8467501623940965,0.0007631677655796323,0.5237566650798381,High
181,0.1473056289855618,1332.2417680802723,2322.003871756176,4644.037085573866,True,0.752625873436529,0.0010171230575842867,0.47682149824705666,Moderate
182,0.1276803944897422,2298.0484131245958,5620.733461731649,2718.580885491152,True,0.6472405375799077,0.0005093032317410903,0.4238749204058244,Low
183,0.1080375641750605,2180.1216977231225,5604.919639302406,2648.5963306209114,True,0.6550172754469787,1.0280989474457988e-06,0.4275091517729631,Moderate
184,0.1276787089843781,1461.7932419831984,7219.170972672945,2382.2236596501493,True,0.6432755911006436,0.0005092596178397823,0.42189242535924165,Low
185,2.916785149006243,1469.1024639639206,2004.1124165214865,994.875346444922,True,0.8449813390781038,0.07267978817543448,0.5588305636267692,High
186,0.1178497770019196,103.1339134877049,3056.8685176615627,2880.2484828431006,True,0.8297314604415877,0.00025492754712644073,0.5149931939943571,Moderate
187,0.5008388180361667,3247.6766795307985,2366.0152518834466,6847.523494392344,True,0.6072972694273293,0.010165098463009902,0.4087311839451696,Low
188,0.2847943938399315,1646.581107369671,1867.4159918207065,4369.640451052384,True,0.7591210106742768,0.004574763127496041,0.4818478869008864,Moderate
189,0.1276709826472328,118.7765007314162,3163.904421797385,2766.369693518458,True,0.8283003790659043,0.000509059692219308,0.5144047193790617,Moderate
190,0.2258689652270756,3172.9102827249176,2475.7355174357776,6615.373575837015,True,0.6129181761034548,0.0030500169695691012,0.4079840965365119,Low
191,0.1571534552683761,286.3705641310983,3659.640676701177,4198.917666340576,True,0.769617898146759,0.0012719440345737882,0.4854449210906664,Moderate
192,0.1080245714412109,3595.058185233469,2015.0258138305448,6986.663414033285,True,0.5988521681293775,6.919007816539937e-07,0.3994264300150796,Low
193,0.2848056418726085,54.240055954596045,3379.9333930611137,2627.27601659354,True,0.8277476065249142,0.0045750541800180546,0.5161613303524661,Moderate
194,0.1571287118987289,1758.1309268878736,1686.717436697771,4253.799218046668,True,0.7624997513153974,0.0012713037785978562,0.48188552754699765,Moderate
195,0.1080258200578519,2467.283056671844,2162.986211662636,4862.007532578297,True,0.698880486830664,7.242098114039995e-07,0.4494406055202377,Moderate
196,0.2749850745587019,66.58062865931132,3510.6427828759965,2593.4548311059525,True,0.8237653208152181,0.0043209385522994795,0.5140431296837588,Moderate
197,0.2062390061432203,26.475802124763067,3464.8284476573244,2548.8139660081374,True,0.8282213938593426,0.002542074890945996,0.5153817343751443,Moderate
198,0.1080284028195113,705.5470013763974,1890.7793456777467,2206.172586925218,False,0.8552973000386417,7.910409912480922e-07,0.4276490455398165,Moderate
199,0.3633678375733806,751.7867288605364,1856.995123063802,2246.594939170436,True,0.853224028787113,0.006607918579529988,0.5299159736833216,High
200,4.26279128976269,265.48192540963186,3813.324919375877,4104.26480755364,True,0.7679388807689067,0.10750885501427462,0.5377238678915907,High
201,0.1080435068172046,277.49670088599447,4042.0166965652634,4068.164227414039,True,0.7608636230838879,1.181869925280812e-06,0.48043240247690655,Moderate
202,0.6776427490626901,62.92889303680282,3428.313883770823,2511.1683680741785,True,0.8285928030842582,0.014740052279811773,0.521666427682035,High
203,0.3437245146426133,18.507592193748543,407.3776970498216,2387.984599116506,True,0.9312197645825672,0.00609963069987134,0.5686596976412193,High
204,0.2553325675832614,3507.856036818014,2236.9917218147725,6416.707953422894,False,0.6096334493541953,0.00381241302758403,0.30672293119088967,Low
205,0.2749732638501821,3596.016955193268,2085.06060553442,6610.875793324036,False,0.6056647371451195,0.004320632940055974,0.30499268504258775,Low
206,0.4910391728280392,667.7382955168697,1913.3109755577489,2128.0876085992745,False,0.8582497784345862,0.0099115242127773,0.43408065132368173,Moderate
207,0.3044432244519467,655.0561925373493,1000.0153416884582,2138.83440257617,True,0.888076372505582,0.005083193523145147,0.5465797830143636,High
208,0.1865941016277436,183.8969415180705,428.099616992215,2194.9002008436,True,0.9274274494289454,0.00203374608642238,0.5647305977576839,High
209,0.5008593379651174,821.650855675376,1144.6379061146972,2063.054078233454,True,0.8773800455644295,0.010165629433824456,0.543772837499127,High
210,1.3749072477234217,876.2733897760564,1252.1644601076653,2106.764541142516,True,0.8702685329020085,0.032782371027746254,0.5515254519648773,High
211,0.1865941505333234,214.921344425088,471.9955476943517,2172.498294638725,True,0.9250889526801915,0.0020337473518963305,0.5635613500160439,High
212,0.4910383607052375,660.2588231158576,967.6447142500087,2058.1347649594754,True,0.8908342347704452,0.00991150319840115,0.5503728689844232,High
213,0.383008832950236,170.3614772535449,339.76893321800094,2224.198441905505,True,0.9302075792362619,0.007116146231728813,0.5686618627339953,High
214,0.1178491389976112,370.5831380428333,632.7583564503053,2081.839544107644,False,0.9147487272906177,0.000254911038216096,0.4575018191644169,Moderate
215,0.1374905730707583,269.443898776184,493.8511842030573,2120.7945073124097,False,0.923063703818311,0.0007631500420588694,0.46191342693018494,Moderate
216,0.1571324807147891,762.3061779849128,1058.053929811759,2012.8025611121957,False,0.8841970448758163,0.001271401299955664,0.44273422308788596,Moderate
217,0.1473283751412157,0.9749140933684552,4959.180615659348,4067.022963505373,True,0.7443336355957452,0.001017711633929972,0.47267567361483753,Moderate
218,2.092068039931598,23.174979003781527,4853.14670718036,4159.386461133545,True,0.7444677499591204,0.05133952348767233,0.4979036367233963,Moderate
219,0.127687459599242,550.1193021795166,4190.609846832357,5137.423077773757,True,0.7172467102082909,0.0005094860475273942,0.45887809812790914,Moderate
220,0.1080364169046679,442.7064310134304,5214.180133210007,70.57020013994972,True,0.812224829107726,9.984123390598291e-07,0.5061129137600325,Moderate
221,0.1375013788039439,528.7884159025999,5280.374401551143,70.87875174120352,True,0.8060157396065941,0.0007634296497010399,0.5033895846281475,Moderate
222,0.1178614084997728,1212.662936271752,2115.958727951176,617.6102627017866,True,0.8626326631455322,0.0002552285221397767,0.531443945833836,High
223,0.6777042560477861,1256.0299940757018,2130.7755318403765,694.4961186844399,True,0.8582409380521765,0.014741643825964571,0.5364912909390706,High
224,0.4321869947532014,350.65290841918727,3902.5229164679217,6341.210860035409,True,0.7067542239518438,0.008388673475537801,0.4575714487136908,Moderate
225,0.4322003233724158,92.62826131481198,6343.040657445255,5480.207059631254,True,0.6610306977651079,0.008389018365026365,0.4347098580650671,Moderate
226,0.4518456698880821,89.87257868062056,6079.013068377394,5549.079049974103,True,0.6680144654021668,0.00889735860668513,0.438455912004426,Moderate
227,0.3732575942473237,939.7432914257596,3603.4821312262784,6188.3164199210505,True,0.6923063606843796,0.006863824541461967,0.4495850926129208,Moderate
228,0.3830877006829765,205.40412345382276,6277.801269434624,5600.114251530678,True,0.6549027527534325,0.007118187002162075,0.43101046987779723,Moderate
229,0.4911377929633397,91.01290678549478,5872.461192835478,5707.036132186114,True,0.6707966999053308,0.009914076093619469,0.44035538799947516,Moderate
230,0.6090113078598549,206.3224515853736,6325.8497059007,5616.251539043456,True,0.6529164015386153,0.012964154696197407,0.4329402781174063,Moderate
231,0.5206089657354568,308.9654212762667,5896.767214500938,5897.190572189517,True,0.6551069746487623,0.010676668042659323,0.4328918213457108,Moderate
232,1.8466937945953392,325.1064641025558,5758.295622725984,6048.450135108178,True,0.6551453006866362,0.044990253798201506,0.45006777724241886,Moderate
233,5.599034969144286,339.4186565455881,4252.975824401435,6343.948897934113,True,0.6959027319150725,0.1420853097665568,0.5189940208408146,High
234,0.1768141697695864,157.0655634877852,4200.134765518837,6063.181434186002,True,0.7130318730942881,0.0017806819360793292,0.4574062775151837,Moderate
235,7.760151122525166,12.642179463819549,4156.062432096228,6085.7333873915495,True,0.7207264942588736,0.19800604940768407,0.5593662718332788,High
236,0.1473298695158391,5622.455860975931,1392.5308336562923,100.4915217647466,True,0.6903336434425225,0.0010177503021589383,0.44567569687234065,Moderate
237,0.2947010097235377,98.03549029391482,5352.946339656935,8021.291858793499,True,0.6310799224324749,0.004831105335981752,0.41795551388422836,Low
238,0.3929261479811227,39.62633081832469,259.5728517994833,2742.320716142497,True,0.9263964250075805,0.007372765289854704,0.5668845951487176,High
239,0.6679661270748048,715.2173008271212,1422.266689536948,2900.032978111388,True,0.8531304095970539,0.014489661361237778,0.5338100354791459,High
240,0.2750454831695852,758.9637657686835,1381.8298343586343,2810.2808428272897,True,0.8545485638634961,0.004322501677074612,0.5294355327702853,High
241,0.3536177055678657,907.9659805833588,2709.479629497388,4694.453866284654,True,0.7589235032160262,0.006355625526010377,0.4826395643710183,Moderate
242,0.117875610710339,1573.1758431500016,1846.0170955661747,2412.3410129370545,True,0.8107749465259183,0.0002555960165561036,0.5055152712712372,Moderate
243,0.2259392002798638,1063.3828106351532,1327.710267484151,2488.1841089963864,True,0.8497392351889548,0.0030518343619820474,0.5263955347754684,High
244,0.2554088463973858,150.6207482363319,191.6249747798003,1414.672798230978,True,0.9555674412685187,0.0038143868075208986,0.5796909140380198,High
245,0.3045246729367197,108.09104407341678,795.9375891635783,2108.328170794459,True,0.9212306020590793,0.005085301072757429,0.5631579515659183,High
246,0.1080591683848679,67.49542005295135,165.74780846988563,1167.3638085231528,True,0.9663290580510522,1.5871264619558423e-06,0.5831653225887571,High
247,0.1178808621952211,151.16478309892668,683.9456320256168,1981.7260311332373,True,0.9258851272400992,0.00025573190324519346,0.5630704295716722,High
248,0.1669906237651379,85.05275799294056,1948.43565559416,3608.312388232027,True,0.8487066573321191,0.0015264892321804643,0.5251165732821498,High
249,0.4518574188882695,145.25526130382164,2004.8514377200463,3624.515492832401,True,0.8436494736658899,0.00889766262217245,0.5262735681440311,High
250,0.1670087747864871,375.45298327503536,5464.765856841916,8277.777194698856,True,0.6081473118814998,0.0015269589054728975,0.4048371353934864,Low
251,0.6483883182939901,655.7876913736081,5750.91168577488,8571.422821110953,True,0.5785465386607245,0.01398306871656989,0.39626480368864714,Low
252,0.176833502249363,696.721629870511,5748.084908648517,8628.114837362058,True,0.5753294081606488,0.001781182180624961,0.3885552951706369,Low
253,1.1788874594853007,536.7970593112445,5630.642440783291,8450.271097466837,True,0.5909878374784443,0.02771019037451092,0.4093490139264776,Low
254,0.1571854503667092,627.6590430758871,5731.312530842424,8565.982916125848,True,0.5806394457396487,0.0012727719352680095,0.39095610883745835,Low
255,0.1277122097209118,576.9015673052053,4399.462179353485,7195.880164753786,True,0.6592867697988778,0.0005101264782177196,0.4298984481385477,Moderate
256,0.1375373291819112,472.21867369819824,5577.168008474543,8415.753593179965,True,0.5966010855364364,0.0007643598966584579,0.3986827227165475,Low
257,0.2161287188716442,663.9079324203901,4331.861367691929,7140.573668600146,True,0.658703622874183,0.0027979797157498603,0.43075080129496646,Moderate
258,1.5128379974583546,112.75864882399348,1131.9028010990378,156.49690796155778,True,0.9575270586545751,0.03635144783667484,0.596939253245625,High
259,0.1375385124071867,769.8402602263834,5696.811731171123,8711.093216657928,True,0.571519055294953,0.0007643905136303708,0.3861417229042917,Low
260,0.245585054141101,0.2850031433555625,2192.5417925408733,536.9135436407208,True,0.919359933399424,0.003560187731643922,0.561460060565534,High
261,1.0216621456219546,102.52910769254612,1393.3565890794391,2044.8614877417108,True,0.9037437931110366,0.023641850119966005,0.5636928216155013,High
262,0.1768262614309293,131.10444862413948,1497.2840832840438,2158.61238860252,True,0.8962786401308727,0.001780994818218833,0.5490298174745457,High
263,0.2849151896961137,205.86220049600584,2156.0376367855893,10302.220590893605,True,0.6738605019581883,0.0045778888241934275,0.4392191953911908,Moderate
264,0.1375338504984832,55.88777131947739,764.3885507249233,1797.532506024352,True,0.932255998010323,0.0007642698827321052,0.5665101339465276,High
265,0.1375335810826956,82.16724216217209,1101.3659975936478,2145.3781800847755,True,0.9116937870545426,0.0007642629113668266,0.5562290249829547,High
266,0.4126010813225629,124.24573120092016,979.6158837608048,2026.7739565651077,True,0.9165162919006344,0.007881871116083428,0.562199081508359,High
267,0.1473576090387368,137.56597700714062,1083.6646965171724,2190.808501638151,True,0.9085472640210274,0.0010184680861777679,0.5547828660536026,High
268,0.1277142278551278,2318.243070519624,472.8294010568313,3317.450037444469,True,0.7979706518400118,0.0005101786991767259,0.4992404152695943,Moderate
269,0.20630513371369,25.147335583114405,776.9158062674401,585.0751959732454,True,0.9627252582890741,0.002543785998720352,0.5826345221438972,High
270,0.3831049290075312,2052.8135311517112,4083.018977157503,1043.2645940154252,True,0.7491234997329846,0.007118632799881169,0.4781210662664329,Moderate
271,0.2259491479454815,59.84854224990181,1231.829813013229,2378.7176540590604,True,0.9028727386605803,0.0030520917663877166,0.552962415213484,High
272,0.1277115108128656,44.03071820466694,2523.435066490621,1476.161760149629,True,0.883818116291158,0.0005101083933707655,0.5421641123422644,High
273,0.3929734838981029,86.92783360254062,647.0002226099936,268.41551105849106,True,0.9716873458008497,0.00737399014742887,0.5895306679741393,High
274,0.1178975121838331,1674.243623473529,5042.062562423969,7053.258418987273,True,0.5901889726969066,0.0002561627360242379,0.39522256771646547,Low
275,0.1178976892995488,1611.463505369672,5179.610879722716,7184.40025707999,True,0.5855295427156406,0.0002561673190457515,0.39289285501734317,Low
276,0.1277154098892248,100.3385403606969,2138.15364264203,1093.4067405648666,True,0.902887793987563,0.0005102092853258705,0.5516990016364445,High
277,0.4617674967437164,2022.768739808771,4957.109018449157,6805.5116597130245,True,0.5824885424988722,0.009154094412157818,0.39582131845551505,Low
278,0.284922272540879,1798.0951307352016,5173.273745988129,6888.823561177275,True,0.5840951222675262,0.004578072098894984,0.39433659718321057,Low
279,0.1080741596337355,1633.8907322821,5068.593181557572,6687.145076374476,True,0.6001219541578525,1.9750379231278246e-06,0.4000619645978878,Low
280,0.2357979357418221,1565.3141013756915,4796.431251649408,6332.489793350254,True,0.6207536772027618,0.0033069376233668853,0.41203030741306435,Low
281,0.1572004274380777,1533.146639364811,6171.946360556771,7060.682671116389,True,0.5601887951868468,0.0012731594798741956,0.3807309773333605,Low
282,0.4126471155095374,1472.545423678523,4816.032766684816,6292.162047383101,True,0.625479424244222,0.00788306229027384,0.41668124326724787,Low
283,0.1178995623710787,1453.8591762194897,5122.231718201511,6680.2288258612525,True,0.6070579907746818,0.00025621578638295985,0.4036571032805324,Low
284,0.2947493240982169,1472.5218113353064,5238.522129430948,6846.832280832943,True,0.5983791276836684,0.004832355511990632,0.4016057415978296,Low
285,0.1571999118219669,1538.5951428087085,5424.6535558371415,7096.40075852381,True,0.5831934712854074,0.0012731461378637531,0.39223330871163564,Low
286,0.2750994209595733,1427.2374992154455,5162.54059733145,6771.053291080463,True,0.6048094093540985,0.004323897363792339,0.4045666533589455,Low
287,0.1768457494316427,143.57545199356696,2928.3396834007526,2843.367046873374,True,0.8328669820358442,0.0017814990870024957,0.5173242405614233,High
288,2.800060375785084,178.08961010461212,2970.356427497652,3082.991305688808,True,0.824065881025801,0.06965943425194981,0.5468626576388754,High
289,0.5207251901604164,1415.3473866563463,5258.9272979639045,6947.863006429092,True,0.5979680584288408,0.0106796754496411,0.40432386693924094,Low
290,0.2357946420220107,169.57863064748426,2993.508589579676,2939.1205252369086,True,0.8272114526839398,0.003306852395533233,0.5152591525397365,Moderate
291,0.1670267447267331,1349.5049053553062,5824.505008434554,6785.496849690662,True,0.5867554222740569,0.0015274238931360044,0.39414142308359645,Low
292,0.1571996265472876,1280.1438605241656,4753.757365693146,6321.619391705458,True,0.635859480291265,0.0012731387561360093,0.41856630952370055,Low
293,0.1473748571502148,1232.2029978068435,4747.002904857936,6359.375674244189,True,0.6374248496180535,0.001018914395900526,0.41922188200697696,Low
294,0.2652791168232243,761.0298782975195,5617.020455081027,6702.833321559629,True,0.623245202842206,0.004069788546019475,0.4136574956941127,Low
295,0.1080766978285108,842.6582106296833,5602.906884447918,6667.503553753768,True,0.6207042044777827,2.040715896505683e-06,0.41035312259683965,Low
296,0.1572025127962109,895.9137197374491,5587.116909751679,6635.693087881098,True,0.6194715392569197,0.0012732134403098912,0.4103723763486148,Low
297,0.10807645025653,1363.0420706882803,5698.237983152919,6634.015919970307,True,0.5938691419378823,2.0343097585202876e-06,0.39693558812382046,Low
298,0.2947551297469603,768.7468296814567,5532.307247576345,6606.566343460107,True,0.6279521648234683,0.00483250573814637,0.4163923352808073,Low
299,0.1670257132528562,1110.1024639104191,4903.945438244716,6693.662416034869,True,0.6300103388253556,0.0015273972028620798,0.41576886801410884,Low
300,0.1080763918486806,1534.382776678479,5733.9282438862365,6627.928215941672,True,0.5847747426529325,2.0327984051700074e-06,0.39238838772566886,Low
301,0.481426954189291,1163.306670524585,4991.342229460024,6776.044337765293,True,0.6226773149770222,0.009662799786267358,0.4161700573816448,Low
302,0.3733523424149677,1057.244448262665,4911.488998303531,6760.186697248987,True,0.6306481078204194,0.006866276231810033,0.4187571920261147,Low
303,0.1375510124541234,996.2393184313568,4854.551601644981,6733.565284264345,True,0.636012847070502,0.0007647139630984411,0.4183887805168002,Low
304,0.3143637846564387,47.93479426827609,3440.821266168885,211.36723330102703,True,0.8847055071897536,0.005339896552929845,0.5450227018713417,High
305,0.6288060021175462,950.270487859733,4878.015768407195,6720.414252534352,True,0.6377447581314791,0.013476359439162457,0.42561055878532084,Moderate
306,0.1179013420741792,691.3892482592488,4428.562804346959,6425.719443138062,True,0.6716309594198854,0.0002562618377317344,0.4359436106288086,Moderate
307,0.1571850968144142,346.86209655027176,2698.643696591693,875.11235854258,True,0.8784484339244238,0.0012727627867982214,0.5398605983556111,High
308,0.2750823539617739,544.5635124124269,775.5550410220892,2680.9759998071168,True,0.8873846329109414,0.004323455740541824,0.5458540443257416,High
309,0.1964822494838399,10.076785754349446,3369.140913150521,828.2413587975433,True,0.8738378711274866,0.0022896104188085344,0.5380637407731476,High
310,0.1080653929303998,27.915866832982143,3309.620662882689,780.1295070282282,True,0.8760849225315479,1.7481919324669883e-06,0.5380433353617402,High
311,0.1080655250153097,12.981462748360324,3258.7976849766314,740.9518226408383,True,0.8793817343426615,1.7516097431410693e-06,0.5396917429762024,High
312,0.1670107673788513,105.57302709556322,3097.453447748334,553.2763648324758,True,0.8847738440618355,0.001527010465514515,0.543150427263675,High
313,1.5030939346016154,74.66991664709268,3200.7698119480942,657.0581351749343,True,0.8803785833336506,0.036099311827601,0.5582389475806258,High
314,0.157187213777887,276.4085454976099,2849.3885791170896,260.0853517618327,True,0.891832271032471,0.0012728175650492687,0.5465525442987601,High
315,0.2063078756175813,11.55257494109202,3039.216001173356,552.3957054849029,True,0.8911147161862845,0.002543856947842354,0.5468292865670634,High
316,0.2357808339395606,184.57270362944135,2883.5445710711547,330.52159725029065,True,0.8933561603548434,0.0033064950995209718,0.5483313277271822,High
317,0.2554370193584757,164.11127062986697,782.5411347652063,3002.4690263935727,True,0.8973203282384279,0.00381511580712583,0.5505677220227768,High
318,1.1592576533099008,58.71010237383272,2861.718884764128,395.1936533526695,True,0.8984340256231088,0.027202252252525642,0.5628181389378172,High
319,0.2063090406446333,256.8449561567932,2685.900411866884,163.13705562852925,True,0.9003872977894376,0.0025438870939195777,0.5514655924416786,High
320,0.2259576011065823,65.70948666837059,2748.256752180313,351.8813213296667,True,0.9028180810529403,0.003052310499203315,0.5529351957760718,High
321,0.1179069403297457,69.81251986734839,3778.932605883784,4709.546648739544,True,0.7635995677408827,0.00025640669741060424,0.48192798721914665,Moderate
322,0.677874676588117,175.5356228646756,2608.933795531941,300.5724953551622,True,0.903376274712475,0.014746053604055597,0.5590611641582652,High
323,0.2456068362887412,21.99448532201476,2671.391655042393,460.6061893367988,True,0.9047254957320864,0.0035607513634529327,0.5541431235477696,High
324,0.2456329362978906,140.38068881690648,1404.58056942576,3761.842343392666,True,0.8599287748374315,0.003561426723643079,0.5317451007805373,High
325,1.110289407386239,297.4132113496207,3905.9172279547706,4671.805041866361,True,0.749669296695545,0.025935156762680784,0.4878022267291129,Moderate
326,0.1080706946849121,88.37608535159833,913.972152503554,2552.2778845084185,True,0.9075771192332418,1.8853793914842346e-06,0.5537895023063166,High
327,0.1768387843114231,776.8904314904854,1982.7875856565645,6.442666353480816,True,0.9023382928879256,0.0017813188585248366,0.5520598058732252,High
328,0.1866847255316746,903.8311977298106,3369.683463282285,5138.701787979823,True,0.7270215445342562,0.0020360910578988366,0.46452881779607746,Moderate
329,0.1375450029221429,74.98607854333152,860.5999185145542,2360.751478714389,True,0.9145803260513786,0.0007645584612885445,0.5576724422563336,High
330,0.1277335684739779,467.55072724742746,3459.106756228175,4329.116254533149,True,0.7643789507483303,0.0005106791543278864,0.48244481495132907,Moderate
331,0.1964929596825206,30.66380944636748,940.593519202596,2358.482326584853,True,0.9141451987033302,0.0022898875544132033,0.5582175431288717,High
332,0.373370364807308,851.7925411117349,3387.290855197101,5034.737211637457,True,0.7314328892491537,0.006866742576716206,0.4691498159129349,Moderate
333,0.2357863847545469,937.4668285730024,1731.6996255433876,73.31978018720457,True,0.9012410398975479,0.003306638731634017,0.552273839314591,High
334,0.1375599255958755,968.1605049352012,3461.5647162087,4039.097320734406,True,0.7477013806971697,0.0007649445983091043,0.4742331626477394,Moderate
335,0.1179082653372623,1198.4126950369568,3785.633582106199,4144.947599505272,True,0.7237979370496377,0.0002564409831199781,0.46202718901637885,Moderate
336,0.1080826161221016,1236.2298175536323,3798.850259932991,4134.929006843599,True,0.7218287991464023,2.193856834577439e-06,0.46091549650161845,Moderate
337,0.147385428980617,813.396935346092,4029.043081800274,4220.792980910965,True,0.7322764875410928,0.0010191879511069527,0.46664783774609986,Moderate
338,0.3635301927221239,2410.954771678367,3652.1156307659417,1520.343067092477,True,0.7345499972182378,0.0066121196586751635,0.47058105843845643,Moderate
339,0.2554659634676944,1594.7659370134631,2538.5931708059497,106.934259386488,True,0.8433382342555431,0.0038158647608520016,0.5235770495081976,High
340,0.1670421570669247,327.5466261389215,3077.06420406266,2887.445426981993,True,0.8183092119458075,0.0015278227006974433,0.5099185173232524,Moderate
341,1.2380743789427195,58.01744772576277,3384.184479397544,3089.8969820321927,True,0.816205710888654,0.029241702832997166,0.5227237068608256,High
342,0.176868211252566,56.58938949130241,3392.140926278385,3027.223055397133,True,0.8175371270709014,0.0017820803059424182,0.5096596036884219,Moderate
343,0.2063500790640118,294.63144851255777,1098.232685556866,2207.731738489712,True,0.9002504607590194,0.0025449489983256682,0.5513977048786726,High
344,0.127740439579092,82.11780133158398,1260.0185824180176,2113.906124735659,True,0.9073372498718584,0.0005108569500838116,0.5539240534109711,High
345,0.1080867251300235,116.88247513996758,3101.991024226228,2732.0095299863187,True,0.8312226801502696,2.3001809494680283e-06,0.5156124901656095,Moderate
346,0.1080870028261257,14.68896434323015,3115.0904656518637,2665.189098679143,True,0.8372462455206691,2.307366575009719e-06,0.5186242764436221,High
347,0.137567323790071,45.80451534400012,1032.5584481287476,1927.67793824924,True,0.9209151683702812,0.000765136032948457,0.5608401522016149,High
348,0.933491911882386,158.85587756514528,1124.3695093159583,1916.787803005741,True,0.912877371744393,0.021360369470564383,0.5671188706074787,High
349,0.1670461486529909,285.3029130349667,1151.4867513023655,1817.66717340618,True,0.9084370118457332,0.0015279259864208008,0.554982468916077,High
350,0.2260039743454031,246.95284871675543,1071.5756452572557,1773.9492168776585,True,0.9138887596628664,0.003053510446651931,0.5584711350547592,High
351,0.294783150945026,408.5960729194504,3602.584382303338,2921.184229115625,True,0.7966957156731271,0.004833230810752493,0.5007644732419398,Moderate
352,0.1080747367607067,55.7483730132488,1023.6795968144884,959.6720333759916,True,0.9442226742073875,1.989971580000365e-06,0.5721123320894838,High
353,0.2554858331330365,43.27602062640237,437.5488864353684,1677.5810976189707,True,0.9463153212132809,0.0038163789055362727,0.5750658500594086,High
354,0.3242710087067985,79.56086563378477,539.5658001906872,1710.3387444265188,True,0.9405132971139333,0.0055962544982535,0.5730547758060934,High
355,0.1277433596058078,147.00698926588407,497.5549213958709,1637.3541112021858,True,0.9404564153434403,0.0005109325082871332,0.5704836739258637,High
356,0.5601039057508237,89.96550872395643,284.1235203483135,1555.1861620880832,True,0.952034842961061,0.01169863359239904,0.5818667382767301,High
357,0.6681767357861679,1151.7813494485044,3639.009111106148,3285.286786259213,True,0.751594978785918,0.01449511104282748,0.4830450449143727,Moderate
358,0.216181087666943,40.52448711007459,214.87703946375075,1462.6488735503874,True,0.9588505879418354,0.002799334803380223,0.5808249613726079,High
359,0.1866919158971418,608.4709679488147,2789.5247933784067,111.7687221508988,True,0.8816861744153265,0.002036277114791053,0.5418612257650588,High
360,0.1080899155521644,309.86380645069704,926.3522018311668,1327.5672372802146,True,0.9264396684992495,2.382735867031236e-06,0.5632210256175583,High
361,1.680317778251034,121.63748900351872,335.21462581182084,1516.071869422301,True,0.949839007120874,0.040685131244764146,0.5952620691828191,High
362,0.137568965592212,327.08038252062306,1009.9818996047665,1297.3332735348563,True,0.9236602299857228,0.0007651785159912703,0.562212704250857,High
363,2.181457484558151,49.08262449265438,377.7516423977586,1384.216515629206,True,0.9550908997042745,0.053652552267641596,0.604371725985958,High
364,0.1179170643441234,33.762213326806744,142.37047271219345,1398.4647624769398,True,0.9630685033153084,0.00025666866499214874,0.5816625859901503,High
365,0.1179176368587554,466.94929516313584,731.7496155765871,1571.6401709132683,True,0.9193834704291433,0.0002566834793007768,0.559820076954222,High
366,0.2063547668240477,13.083032274274288,137.04314561719994,1328.047652271883,True,0.9659256603194769,0.0025450702981493992,0.5842353653088131,High
367,0.2260091123574565,489.1044872121878,654.3855310738245,1493.0800208885946,True,0.9227417630383704,0.0030536433971339594,0.5628977032177522,High
368,0.6780250169388399,82.30084706930482,98.52324484547724,1283.9963405768349,True,0.964970295487666,0.014749943789965865,0.5898601196388159,High
369,1.012125076984997,250.03769836587568,278.4147232105787,1354.4186997761246,True,0.9495334155653007,0.023395070264402698,0.5864642429148517,High
370,0.1080909183054171,25.840208667834336,211.73456304119708,1155.4969027026511,True,0.9670989303056488,2.4086829700967504e-06,0.5835506694943094,High
371,0.2358347296129704,56.28010775723804,294.73447629550225,1125.9223646397502,True,0.9636994924180048,0.003307889696436005,0.5835036910572204,High
372,0.3144482045672238,577.4506036250345,675.3357943174824,1391.9445601439836,True,0.9203483303626587,0.005342080990746459,0.5628452056767026,High
373,0.1179175079467988,71.24181383910525,305.9420461403444,1078.4799193913088,True,0.9637824843865463,0.0002566801435929987,0.5820195822650697,High
374,0.6583377922307881,751.5942141218321,3170.38089151942,268.1472854163463,True,0.8588367668773662,0.01424051991405201,0.5365386433957091,High
375,0.9236874333957428,41.40169784989685,128.1916323119152,1152.79963859478,True,0.969127101685245,0.021106670155092197,0.5951168859201685,High
376,2.7514167947307824,439.1848207438152,473.5093468205573,1354.4754333553942,True,0.9343023227147176,0.06840073974490346,0.6013515312298104,High
377,0.1473976318040398,62.63514871588753,349.1317925713751,927.3476717044924,True,0.9664618096478632,0.0010195037096609049,0.5837406566787621,High
378,3.242742099504778,88.84613614625493,216.48108551491737,1069.7694691033914,True,0.9660512068758758,0.08111420468494447,0.6235827057804101,High
379,0.1080954661836465,69.75297466066522,195.31103578933795,1097.9568038451266,True,0.9669522072607583,2.526363231746703e-06,0.583477366811995,High
380,0.2947891180847856,1150.440108271943,4003.130981830061,2572.0897936484434,True,0.757208435945637,0.0048333852156272035,0.4810209105806321,Moderate
381,0.1179158304215386,1124.8575835179763,3937.607609363909,2484.12056813765,True,0.7626666512072956,0.0002566367361837438,0.48146164397173963,Moderate
382,0.3045856236685254,44.31545918457969,2168.448416082381,583.6517077218051,True,0.9169248084332992,0.005086878225377805,0.5610058433293384,High
383,0.2260111740292421,44.74107064611968,586.1588976958193,709.7351484635324,True,0.964934247323953,0.003053696744665034,0.583993972034309,High
384,0.3341044913826649,195.1966798746733,715.7119828966119,803.4463563861564,True,0.95137348031833,0.005850704322073658,0.5786120923202018,High
385,0.1572254152287773,85.80528601834901,665.1283147313758,632.2462325835639,True,0.9623260497080387,0.0012738060604551304,0.581799927884247,High
386,0.2260121806187967,327.317230731462,824.0320451750257,842.0176900771808,True,0.9407020307395161,0.0030537227910357114,0.5718778767652759,High
387,0.3242782472832279,131.7639603191649,752.820708555229,730.4957370418846,True,0.954940521165017,0.005596441802645839,0.5802684814838315,High
388,0.1965319259809111,191.34907933341344,724.1610453987992,551.1116231043726,True,0.9574056719057319,0.0022908958409061184,0.579848283873319,High
389,0.4127149691295716,96.71581667398232,1209.5313826979643,471.40763966063946,True,0.9481361833528318,0.00788481806106557,0.5780105007069487,High
390,8.509763497908558,169.325391000288,1392.947554829011,529.4798341024884,True,0.937376577028849,0.21740291449982788,0.6773897457643384,High
391,0.1277303851645595,328.45956234989865,2348.994767704503,367.2832419848429,True,0.9029301498317939,0.000510596783458137,0.551720373307626,High
392,0.1965084612731454,193.7518919722615,2507.6040201921,214.1807899277655,True,0.9078843947156946,0.0022902886714063816,0.5550873416935505,High
393,0.1179051949318652,103.32988535214318,2598.4416637895047,149.78593418200677,True,0.9107832934177831,0.00025636153373890933,0.555519827475761,High
394,0.1572070786757831,54.32074741772599,2648.3278819045618,103.40833224248112,True,0.9126119318907051,0.0012733315863717725,0.5569426317385384,High
395,0.265317751853434,90.6202660864659,1415.587127071345,255.402689030719,True,0.9470125568294462,0.004070788260663226,0.5755416725450547,High
396,0.108079825775679,229.38910767174707,2494.479272313712,220.7041899812567,True,0.9064672754546942,2.121654220403861e-06,0.5532346985544573,High
397,17.626343026873148,323.6444342779644,3071.424853692318,2374.4671795194818,True,0.8311238299270423,0.453302252654009,0.7422130412905256,High
398,0.1572044336840181,97.3999079886826,2697.5977252000766,2512.3591337424823,True,0.850529833075188,0.0012732631449344106,0.5259015481100612,High
399,0.1080967288926538,897.0297488742789,1123.1885079270294,254.2266388448789,True,0.9184079238927669,2.5590369135981937e-06,0.5592052414648403,High
400,3.6358475870806495,214.8753874439335,1553.6632572772664,100.90163298080412,True,0.9404369330379444,0.0912861473581037,0.615861540198024,High
401,0.6092496554392759,222.82913486575552,1841.437851422452,212.87292061826128,True,0.9280525240686557,0.012970322144861395,0.5705114231067585,High
402,0.1179208977027956,69.860052744094,1314.2283751585287,295.3734870549644,True,0.9502954632206957,0.0002567678564455668,0.5752761155385706,High
403,0.4028920554743814,326.53781843591366,1834.127419683134,92.43501949204598,True,0.9263146479330592,0.007630641719747761,0.5669726448264035,High
404,0.3242423318894322,43.52917826121603,2933.756343232666,237.213387422281,True,0.900658491161478,0.005595512460933957,0.553127001811206,High
405,0.1179064668887377,125.09888349486609,2941.1338309658545,302.6876283685393,True,0.8949801732363911,0.00025639444671722854,0.5476182838415542,High
406,0.4323779474726786,66.59242861956207,1440.851843699339,171.206904414267,True,0.9493744220960119,0.008393614541427731,0.5788840183187198,High
407,0.1670536776156764,544.3987788071079,1928.2088525174065,54.11459120404873,True,0.9139206613047346,0.0015281208048073304,0.557724391054771,High
408,0.3242820485406569,759.2662962956349,1634.3385897145745,84.77865976810045,True,0.9125202150977461,0.005596540163451973,0.5590583776305991,High
409,0.412722148752089,669.212835134959,1970.5084464742315,83.02400625184444,True,0.9059603240085103,0.007885003839974718,0.5569226639242425,High
410,0.2161891620262155,750.3840601433484,1662.6451228823648,222.05381957932795,True,0.9086944035931765,0.0027995437343726363,0.5557469736637746,High
411,0.2161891698362266,835.4609319087793,1713.4512225542555,226.11357490560573,True,0.9029385957149434,0.0027995439364633928,0.5528690698257034,High
412,0.1965348421808734,784.6926830833089,2083.893337112806,172.2048071131005,True,0.8946828969102993,0.002290971300088901,0.5484869341051941,High
413,0.1277482252292819,910.7854999393584,1785.6577843013392,257.53955251183146,True,0.8962881684433696,0.0005110584104803407,0.548399613426925,High
414,0.8745895325088151,179.22450137337,1779.0887972983733,162.6900212058887,True,0.9333422005848873,0.01983621973153282,0.5765892101582101,High
415,0.1375753499452338,603.4090274360259,1744.4314079574372,275.98025475817985,True,0.9116844049974818,0.0007653437166180626,0.5562248743570499,High
416,0.4520353131512015,45.560030992158666,1799.834990319498,211.82217387154247,True,0.9377909628636012,0.008902265789265302,0.5733466143264333,High
417,0.2260166538621849,726.2620697422651,1800.7959770586597,348.51710871185657,True,0.9023038298058598,0.003053838540056638,0.5526788341729582,High
418,0.3930737102019057,170.56892566251094,1767.5307109660048,235.88550775166644,True,0.9323478441259073,0.007376583589262795,0.5698622138575851,High
419,0.196538787878388,1281.609117559226,2463.222977096845,81.93154281304325,True,0.8611640553951703,0.0022910733984065094,0.5317275643967884,High
420,0.2653121349712088,923.397490805564,4246.811858769239,186.56696514825856,True,0.8179489173769281,0.004070642919003539,0.5110097801479658,Moderate
421,0.1277510505454578,2295.3373814663314,3167.0513566169275,30.87679811057955,True,0.7918150699019268,0.0005111315179669648,0.49616310070994696,Moderate
422,0.1080949987765197,799.0729010203444,1873.309946422984,387.8819504991191,True,0.8955695114907853,2.5142686702379314e-06,0.5477860128797278,High
423,0.599439522753429,279.044170192328,1908.124718114564,277.4524317042653,True,0.9216780362065662,0.012716476522120603,0.5671972563643434,High
424,0.8745925534072779,446.09157388983664,1956.71750994548,203.4500765438794,True,0.9140178093551405,0.019836297899879375,0.56692705362751,High
425,0.167059087287946,2173.442431023099,3174.69556596247,0.040967232039438,True,0.7980717391711598,0.0015282607847311573,0.49979999997794544,Moderate
426,0.3242870104843677,40.78604363516134,1909.5483346827189,334.8779091512856,True,0.9314877679025954,0.005596668558014168,0.5685422182303048,High
427,0.1867093678399642,1100.289112814401,2398.917048999248,304.4511890706641,True,0.8664014769449748,0.0020367286988251993,0.5342191028219,High
428,0.1375794578303932,2669.626309846605,2660.825862526102,21.6605606713765,True,0.7907119467801706,0.0007654500116805073,0.49573869839592555,Moderate
429,0.1375775666357795,17.909765216972904,2319.5333067894285,768.3724869380623,True,0.9088107250453697,0.0007654010753929148,0.5547880630603813,High
430,0.1867147380113819,1994.4979518615212,3158.8099048378344,163.352034571751,True,0.8030703992797944,0.0020368676566305016,0.5025536334682125,Moderate
431,0.1179262081449776,2527.102801855221,2120.9027936769776,20.999318137603204,True,0.8148902655011064,0.0002569052687055116,0.5075735853849059,Moderate
432,1.6509462044134824,1198.6563623499355,2822.420439261491,112.81026254015492,True,0.8527334855977509,0.03992511650383949,0.5463293010507951,High
433,0.3832575778263085,1752.6621737171238,3228.345932172421,165.36210779424846,True,0.8121945751869573,0.0071225827193882795,0.5096585789531728,Moderate
434,0.186716642875263,2883.4047070914826,2331.285271981888,314.3345962662262,True,0.7841565310819693,0.002036916946622148,0.4930967240142957,Moderate
435,0.1080959474684563,1668.5690790406566,3086.684373677233,344.08934253056407,True,0.8164018483387463,2.5388168902415524e-06,0.5082021935778183,Moderate
436,0.1080993183935456,2903.844353221778,2206.3495047733927,344.7719772143055,True,0.78648681132813,2.6260424768781405e-06,0.4932447186853035,Moderate
437,0.2849797239170859,1666.4319885240682,3300.992190198154,153.2775649558692,True,0.8142135259628765,0.004579558702678805,0.5093965423327776,Moderate
438,0.5306521776991631,1678.24064910637,3250.7773289398187,175.53435868093035,True,0.8147372312634792,0.010936544792228966,0.5128368880278541,Moderate
439,0.2653353320662193,2775.22069428681,1977.0231754133763,83.46700344617501,True,0.8063052352940804,0.004071243163793012,0.5051882392289367,Moderate
440,0.5110092716565696,995.5698019829512,2924.1926741120083,168.8779195611927,True,0.8576754923024635,0.010428267699910457,0.534051880001187,High
441,0.2653319383903501,951.3045098346744,2941.159858605531,226.0767860066054,True,0.8578295865878184,0.004071155349510373,0.5309503709686644,High
442,0.1375770588328897,1815.8260924601325,3229.9075840870346,399.6094045173687,True,0.8034774919673601,0.0007653879355562869,0.5021214399514582,Moderate
443,0.2063653995616633,1796.133469720028,3228.587438705709,351.79346689706534,True,0.8056102286900528,0.0025453454293823713,0.5040777870597176,Moderate
444,0.4520393525186153,1903.383075435814,3430.348057475541,185.01800274476884,True,0.7980791175381828,0.008902370311372134,0.5034907439247774,Moderate
445,0.3341288228983344,2981.236425849981,1614.9662580844,302.6632859640775,True,0.8029492841004895,0.005851333920973606,0.5044003090107315,Moderate
446,0.147408453202547,1478.6528527726882,3403.1621688673945,70.38659906737962,True,0.8217920272544895,0.0010197837226567483,0.5114059054885731,Moderate
447,0.1080922178001975,540.4540790641394,6376.405696161722,1514.3200885086758,True,0.7350485831399779,2.442308515473247e-06,0.4675255127242467,Moderate
448,0.1277573178844488,2823.241625324265,890.393067667557,410.9020571455026,True,0.8311774327844577,0.0005112936907550449,0.5158443632376064,Moderate
449,0.1179296769214508,2856.401069843185,796.602823895131,424.6802113950123,True,0.8323057888352459,0.00025699502628088647,0.5162813919307634,Moderate
450,0.2948162100167593,32.38848695032316,3421.5816956246085,1405.0097920268972,True,0.857094949931605,0.004834086242673763,0.5309645180871394,High
451,0.1080958717562053,3729.608571231041,6141.495137488286,949.7292292118124,True,0.6057600109929575,2.536857770613025e-06,0.4028812739253641,Low
452,0.2358182301068678,388.5128098908805,1121.72036369745,732.4206335656498,True,0.9308604773364446,0.0033074627575213488,0.567083970046983,High
453,0.1572303041429287,3122.4036699705293,6158.948462130974,786.9557237636621,True,0.6378152950462184,0.0012739325653146497,0.41954461380576646,Low
454,0.3439600519578747,2471.8381241160987,2360.700331768201,631.3988442394508,True,0.7949445553220619,0.006105725430532577,0.5005251403762973,Moderate
455,0.1572374015819238,646.6844516648839,3917.442784432612,894.3376302106954,True,0.8244732149068185,0.001274116217654457,0.5128736655622365,Moderate
456,1.444391136457423,404.1998649530881,978.246324619329,881.4035026985026,True,0.9311370056722206,0.03458032642457602,0.5828586660483983,High
457,0.2456453140501965,303.1571446598112,779.156339596241,1038.4288778027417,True,0.938525434997721,0.0035617470086323688,0.5710435910031767,High
458,0.1375771044395745,3242.1799246946666,6336.519484686253,610.9177430785968,True,0.6306985526659192,0.0007653891156684905,0.41573197089079383,Low
459,0.1965489476411496,1898.5544123063896,2944.693648426455,122.1127592831326,True,0.8155144744454356,0.002291336291008242,0.5089029053682219,Moderate
460,0.1572394897575709,2065.005950195304,2782.4097607448853,291.5713633426676,True,0.8087831976019685,0.0012741702509957483,0.5050286839264821,Moderate
461,0.167039487448146,130.89541723942804,465.8341210339353,1317.389516213336,True,0.9500058073465818,0.0015277536220149155,0.5757667804842984,High
462,0.1670482313666517,74.3166381164153,8022.652045560878,20.46628164926397,True,0.7401537092347327,0.0015279798784284984,0.4708408445565806,Moderate
463,0.1965176129565018,331.20400574603923,638.3827681349737,1309.836352933613,False,0.9351603665757776,0.00229052547908627,0.46872544602743194,Moderate
464,0.3341130408492962,1103.987429115799,6749.717318246783,84.13829538047933,True,0.7310939425215885,0.005850925546877708,0.4684724340342331,Moderate
465,0.4127327434048463,2749.721366634012,6611.3472163372735,512.0092477887405,True,0.6474762208592937,0.007885277985729215,0.42768074942251144,Moderate
466,0.393079977093033,3118.577828657011,6666.850455509647,551.7852984848452,True,0.6273035385958351,0.007376745750462019,0.4173401421731485,Low
467,0.8746021018788454,2693.323973247458,6733.903376264135,423.3367166958796,True,0.6483336741905475,0.019836544974795572,0.43408510958267155,Moderate
468,0.1867227737757496,1139.5586731200854,3798.6903603562128,473.1214274905264,True,0.8152582570662243,0.0020370755889465514,0.5086476663275854,Moderate
469,0.461820376862989,22.246185833853392,684.0288570945695,1650.8342743323724,True,0.939998914089925,0.009155462730735883,0.5745771884103305,High
470,0.6584604839731348,4107.641432248777,630.0989163049622,501.572532226042,True,0.7767393463687914,0.014243694668434902,0.4954915205186131,Moderate
471,0.2063832349877553,4167.623129903642,617.8481667840686,552.7932644940186,True,0.7730599389813696,0.0025458069363760226,0.4878028729588728,Moderate
472,0.1277581257817739,1332.1776189682723,3631.037938774705,307.3402335912331,True,0.8156000072905738,0.0005113145957933524,0.5080556609431836,Moderate
473,0.2063819075418393,3749.798563059962,1262.0316871544849,614.364555212048,True,0.7704936819975876,0.0025457725875709667,0.4865197272925793,Moderate
474,0.1179324269720883,3485.2390225967915,1513.4320399999249,598.1917265929989,True,0.7752599285583626,0.0002570661862069549,0.4877584973722847,Moderate
475,0.3832748861798162,1258.114377380566,3717.574508608256,329.569182157211,True,0.8157633349162473,0.007123030587925383,0.5114431827520863,Moderate
476,0.2456929677920638,3700.637454213189,1318.7335856374202,584.3537883032211,True,0.7717122609118628,0.0035629800901989094,0.4876376205010309,Moderate
477,0.2162100543891449,3770.492912965979,1266.2949941398756,525.4027323284314,True,0.7715377662877823,0.002800084342236788,0.48716892531500955,Moderate
478,0.5601403564328571,1802.125785413792,7147.483427866911,193.35623651737345,True,0.682638245645495,0.011699576785154571,0.44716891121532476,Moderate
479,0.1179309849197747,1343.0125111242342,3644.4359673372114,217.93241776862197,True,0.8168254801323617,0.00025702887186276674,0.5085412545021122,Moderate
480,0.4716982562722391,2007.0966576365192,7177.944324139325,175.9140706824561,True,0.6724003985657567,0.009411061358226117,0.4409057299619914,Moderate
481,0.2358623194867566,1303.9379641094988,3699.321374690856,220.47857621650925,True,0.8168364292833223,0.0033086036081553336,0.5100725164457388,Moderate
482,0.2260251823572118,3958.554976440487,7402.619485441085,35.43403831434026,True,0.5764180270585018,0.0030540592222023824,0.38973604314035204,Low
483,0.1768992622076324,3398.8465074303904,1629.6874211584263,434.3848652958632,True,0.7795602881941148,0.0017828837761173838,0.49067158598511607,Moderate
484,1.4250224181851492,3505.800356673036,1532.22903449194,454.1006264117519,True,0.7771788337326637,0.03407914417669373,0.5056289889546788,Moderate
485,0.1474176730692241,4555.472111680538,813.7704862050089,387.4268374697958,True,0.7524347993408231,0.0010200222946387164,0.47672741081773096,Moderate
486,0.7075598403820512,4588.625058274749,7154.535853124119,24.027650891111417,True,0.5549565696234636,0.015514182754877901,0.3852353761891708,Low
487,0.3046612388648563,3586.2922289881394,1527.3608917252295,292.8016621298091,True,0.7774498330467213,0.005088834833633368,0.49126933394017736,Moderate
488,0.167073002259068,4157.814725909372,1168.152756412529,168.6003739571274,True,0.7650778303816959,0.0015286208465797578,0.48330322561413785,Moderate
489,0.7960491043278285,3384.483865608201,1685.6166739614548,344.7013730492332,True,0.7806088848054387,0.01780391858532157,0.4992064016953801,Moderate
490,0.1179249461734971,1338.105751342822,7149.969775517526,333.4202492200198,True,0.7010675213697926,0.00025687261410780026,0.4506621969919502,Moderate
491,0.4422270902995274,4169.7208456158005,7670.917550391341,116.74429018194472,True,0.5558119738220404,0.008648469585126727,0.38223022170358356,Low
492,0.1572417974294976,535.3954407191386,5421.38975133713,11.0146562293977,True,0.8026033757653754,0.0012742299639921034,0.5019388028646837,Moderate
493,0.1081029563601469,1788.4452553158,5705.46609651792,17.80093649034838,True,0.7341043517402855,2.7201779923691243e-06,0.467053535959139,Moderate
494,0.1179313539203468,675.0454406343543,5477.784578826221,6.560336172249658,True,0.794297087024539,0.0002570384200700148,0.49727706272230454,Moderate
495,0.1277583042473107,2256.969037062274,6044.476723109846,27.63185530019237,True,0.7007986798137583,0.0005113192137426479,0.45065499951375054,Moderate
496,0.1867210409741592,973.0669515470306,5542.312688999665,39.06004575850292,True,0.7773540142764956,0.002037030751214699,0.4896955225138552,Moderate
497,0.1965526060182654,4434.213596993022,7953.42596368218,2.3852301847116357,True,0.5369775463109553,0.002291430954663354,0.36963448863280934,Low
498,0.1179325678069714,3343.55844516065,6587.615004717432,2.2040064825165326,True,0.6325760976755272,0.0002570698304307127,0.41641658375297896,Low
499,0.2260230992734336,21.79489694003561,7414.988754402578,2248.111109565485,True,0.7081961933812784,0.0030540053206175788,0.45562509935094797,Moderate
500,0.2456772581025259,71.8255217580783,7527.344067747714,2340.668463401616,True,0.699960220258558,0.0035625735884673307,0.4517613969235127,Moderate
501,0.452045563013,311.9938945968828,7785.355057183575,2490.9892734103123,True,0.676642321165151,0.008902531013257123,0.4427724260892041,Moderate
502,0.1572334871197191,322.7625928472794,8241.776635874754,2991.3232627994616,True,0.6492554258282663,0.0012740149275773632,0.42526472037792185,Low
503,0.393085712640017,8.170278381805836,7511.385389550276,2644.564307630453,True,0.6961063908400178,0.007376894162674426,0.4517416425013461,Moderate
504,0.1474066171856295,255.43158344487384,8183.174311164848,3023.0060035185284,True,0.6535577454132134,0.001019736214139513,0.4272887408136765,Moderate
505,0.2063695397268835,176.18291371923436,8104.453929893241,3026.4690328461497,True,0.6597571245979977,0.0025454525597191587,0.4311512885788584,Moderate
506,0.1572360886550097,143.33547958841874,5977.339737397804,1796.9110626628287,True,0.7598258561213549,0.0012740822445410653,0.480549969182948,Moderate
507,0.1768888339944067,109.8639250505416,8074.137059326664,3207.816513761131,True,0.6594665070945588,0.0017826139371289493,0.43062456051584386,Moderate
508,0.1179279537122502,148.21015160034656,7581.5371498161985,4086.095666901036,True,0.6522481944610223,0.00025695043676037275,0.42625257244889136,Moderate
509,0.5798142475561906,132.97169314550612,7386.657802203386,3890.7534728939168,True,0.6640002711051367,0.01220865564309318,0.4381044633741149,Moderate
510,0.412762594807235,1366.61513691381,5904.212875288705,2365.208042604242,True,0.6906398188413188,0.00788605041644669,0.4492629346288828,Moderate
511,0.235874704623466,172.1411041198659,710.9097666168428,1586.5635983310815,True,0.9336134124728397,0.003308924084222417,0.5684611682785311,High
512,0.1081135613977351,3004.322001611906,3869.890765946143,3.2651748420949787,True,0.7363174307044805,2.9945924633019986e-06,0.46816021264847196,Moderate
513,0.1670836426936842,149.75876156073164,971.4445866401744,23.014757453462853,True,0.9642001865959566,0.0015288961769792417,0.5828645413864679,High
514,0.4815948442547033,315.6197283286868,903.6663656352182,27.243248314242948,True,0.9584549734745071,0.00966714408614294,0.584061058780325,High
515,0.1081111284508273,3733.191900586623,4607.029555987488,155.49587144538026,False,0.6744092750494406,2.9316378690388158e-06,0.3372061033436548,Low
516,0.1965710447936223,1687.7531799536548,1817.7108618298123,23.96669918087684,False,0.8642371821391434,0.0022919080738382867,0.4332645451064908,Moderate
517,0.3341723902791131,1452.3169375445518,1682.578944994169,12.98753372316308,False,0.8799827580773971,0.00585246126443155,0.4429176096709143,Moderate
518,0.1572569291379237,2351.527892825347,2698.718686103682,27.698797387906872,False,0.8043607702762584,0.0012746215099651865,0.4028176958931118,Low
519,0.570058164507229,2092.5777572215543,2267.1179929477994,214.8988128129,False,0.8259798063531703,0.0119562086012048,0.41896800747718754,Low
520,8.63910216626145,4065.509923824584,4492.125962331843,155.53475792520743,False,0.6624281424540975,0.220749663811371,0.44158890313273425,Moderate
521,3.312172658874445,4693.538635781404,4445.894584219057,262.637904576003,False,0.6316697996105105,0.08291078013859372,0.35729028987455214,Low
522,0.1375979342754889,4699.218604702975,4567.711227020059,258.20796365360894,False,0.6275758919526899,0.000765928105592338,0.3141709100291411,Low
523,0.1572546911531957,4668.93307930924,4610.320251554655,225.1642984611214,False,0.6284319016464,0.0012745636001850488,0.3148532326232925,Low
524,0.1277679219886357,2779.0131363800338,3729.805644686897,57.43768152172517,False,0.7501637611503279,0.0005115680810734161,0.3753376646157007,Low
525,0.1277681220601003,2961.973339391995,3903.8831546051847,75.5415422792118,False,0.7354654390912179,0.0005115732580946806,0.3679885061746563,Low
526,0.1277683749232052,3051.891465018244,3906.636253323512,94.99544142453912,False,0.7306590302610046,0.0005115798011450538,0.36558530503107484,Low
527,3.8527429024998985,4678.353296438666,4672.063207475488,222.37646911902695,False,0.6260612184053767,0.09689850023602065,0.36147985932069865,Low
528,0.5503943003291222,4610.033892786164,4759.478586118159,179.42974776972363,False,0.62750657787361,0.011447389199099947,0.31947698353635495,Low
529,0.481595156548829,4539.39954571914,4668.229244020926,169.52807532792545,False,0.6340280906104229,0.009667152167022108,0.32184762138872247,Low
530,2.60454251855953,4776.392243558254,4727.203257696994,192.83427647916417,False,0.6203688869114166,0.06460024149546757,0.3424845642034421,Low
